1,morning,あえｔなえｔｎ
1,evening,ｗｇ
2,morning,あえｔなえｔｎ
2,evening,sdfbweth
3,morning,あえｔなえｔｎ
3,evening,あえｔなえｔｎ
4,morning,sdfbweth
4,evening,あえｔなえｔｎ
5,morning,sdfbweth
5,evening,ｗｇ
6,morning,ｗｇ
6,evening,sdfbweth
7,morning,あえｔなえｔｎ
7,evening,sdfbweth
8,morning,あえｔなえｔｎ
8,evening,ｗｇ
9,morning,sdfbweth
9,evening,sdfbweth
10,morning,あえｔなえｔｎ
10,evening,sdfbweth
11,morning,sdfbweth
11,evening,あえｔなえｔｎ
12,morning,ｗｇ
12,evening,ｗｇ
13,morning,sdfbweth
13,evening,あえｔなえｔｎ
14,morning,sdfbweth
14,evening,sdfbweth
15,morning,sdfbweth
15,evening,あえｔなえｔｎ
16,morning,ｗｇ
16,evening,sdfbweth
17,morning,ｗｇ
17,evening,sdfbweth
18,morning,sdfbweth
18,evening,あえｔなえｔｎ
19,morning,ｗｇ
19,evening,あえｔなえｔｎ
20,morning,あえｔなえｔｎ
20,evening,ｗｇ
21,morning,sdfbweth
21,evening,sdfbweth
22,morning,sdfbweth
22,evening,ｗｇ
23,morning,sdfbweth
23,evening,ｗｇ
24,morning,あえｔなえｔｎ
24,evening,あえｔなえｔｎ
25,morning,sdfbweth
25,evening,あえｔなえｔｎ
26,morning,sdfbweth
26,evening,ｗｇ
27,morning,sdfbweth
27,evening,ｗｇ
28,morning,sdfbweth
28,evening,ｗｇ
29,morning,ｗｇ
29,evening,あえｔなえｔｎ
30,morning,ｗｇ
30,evening,sdfbweth
